{"cameraMode":{"drawMode":0,"name":"Shaded","section":"Shading Mode"},"sceneLighting":false,"audioPlay":false,"sceneViewState":{"m_AlwaysRefresh":false,"showFog":true,"showSkybox":false,"showFlares":true,"showImageEffects":true,"showParticleSystems":true,"showVisualEffectGraphs":true,"m_FxEnabled":false},"in2DMode":false,"pivot":{"x":0.2489238679409027,"y":0.3138267397880554,"z":-0.06326079368591309},"rotation":{"x":0.24281036853790284,"y":-0.03200555220246315,"z":0.008015667088329792,"w":0.9695130586624146},"size":0.8484365344047546,"orthographic":false}