{"cameraMode":{"drawMode":0,"name":"Shaded","section":"Shading Mode"},"sceneLighting":true,"audioPlay":false,"sceneViewState":{"m_AlwaysRefresh":false,"showFog":true,"showSkybox":true,"showFlares":true,"showImageEffects":true,"showParticleSystems":true,"showVisualEffectGraphs":true,"m_FxEnabled":false},"in2DMode":false,"pivot":{"x":-8.515612602233887,"y":0.1443030834197998,"z":12.09867000579834},"rotation":{"x":0.18166902661323548,"y":-0.057490333914756778,"z":0.010639779269695282,"w":0.9816200733184815},"size":20.63539695739746,"orthographic":false}