{"cameraMode":{"drawMode":0,"name":"Shaded","section":"Shading Mode"},"sceneLighting":true,"audioPlay":false,"sceneViewState":{"m_AlwaysRefresh":false,"showFog":true,"showSkybox":true,"showFlares":true,"showImageEffects":true,"showParticleSystems":true,"showVisualEffectGraphs":true,"m_FxEnabled":false},"in2DMode":false,"pivot":{"x":78.95487976074219,"y":70.01524353027344,"z":-0.7990570068359375},"rotation":{"x":-0.002999858697876334,"y":0.00899987481534481,"z":0.000027007656171917915,"w":0.9999550580978394},"size":58.03776550292969,"orthographic":false}