{"cameraMode":{"drawMode":0,"name":"Shaded","section":"Shading Mode"},"sceneLighting":false,"audioPlay":false,"sceneViewState":{"m_AlwaysRefresh":false,"showFog":true,"showSkybox":false,"showFlares":true,"showImageEffects":true,"showParticleSystems":true,"showVisualEffectGraphs":true,"m_FxEnabled":false},"in2DMode":false,"pivot":{"x":0.06442923843860626,"y":-0.011510103940963745,"z":-0.1323290467262268},"rotation":{"x":0.18726471066474915,"y":-0.014734039083123207,"z":0.0028091627173125746,"w":0.982195258140564},"size":0.34373921155929568,"orthographic":false}