{"cameraMode":{"drawMode":0,"name":"Shaded","section":"Shading Mode"},"sceneLighting":false,"audioPlay":false,"sceneViewState":{"m_AlwaysRefresh":false,"showFog":true,"showSkybox":false,"showFlares":true,"showImageEffects":true,"showParticleSystems":true,"showVisualEffectGraphs":true,"m_FxEnabled":false},"in2DMode":false,"pivot":{"x":0.0942036435008049,"y":-0.1273939609527588,"z":0.07717263698577881},"rotation":{"x":-0.01827360689640045,"y":0.9225959777832031,"z":-0.382811576128006,"w":-0.044040415436029437},"size":0.9421204924583435,"orthographic":false}