{"cameraMode":{"drawMode":0,"name":"Shaded","section":"Shading Mode"},"sceneLighting":false,"audioPlay":false,"sceneViewState":{"m_AlwaysRefresh":false,"showFog":true,"showSkybox":false,"showFlares":true,"showImageEffects":true,"showParticleSystems":true,"showVisualEffectGraphs":true,"m_FxEnabled":true},"in2DMode":false,"pivot":{"x":0.20339328050613404,"y":1.031538724899292,"z":0.06637613475322724},"rotation":{"x":0.02733490616083145,"y":0.8325273990631104,"z":-0.04124383255839348,"w":0.5517697930335999},"size":1.1422908306121827,"orthographic":false}