{"cameraMode":{"drawMode":0,"name":"Shaded","section":"Shading Mode"},"sceneLighting":false,"audioPlay":false,"sceneViewState":{"m_AlwaysRefresh":false,"showFog":true,"showSkybox":false,"showFlares":true,"showImageEffects":true,"showParticleSystems":true,"showVisualEffectGraphs":true,"m_FxEnabled":false},"in2DMode":false,"pivot":{"x":-0.2643425166606903,"y":0.368061363697052,"z":0.6947705745697022},"rotation":{"x":-0.005850938614457846,"y":0.9877600073814392,"z":-0.15111395716667176,"w":-0.03824448212981224},"size":0.8484365344047546,"orthographic":false}