{"cameraMode":{"drawMode":0,"name":"Shaded","section":"Shading Mode"},"sceneLighting":false,"audioPlay":false,"sceneViewState":{"m_AlwaysRefresh":false,"showFog":true,"showSkybox":false,"showFlares":true,"showImageEffects":true,"showParticleSystems":true,"showVisualEffectGraphs":true,"m_FxEnabled":true},"in2DMode":false,"pivot":{"x":-0.00019456446170806885,"y":0.8738467693328857,"z":0.009839862585067749},"rotation":{"x":0.02733490616083145,"y":0.8325273990631104,"z":-0.04124383255839348,"w":0.5517697930335999},"size":0.7315453886985779,"orthographic":false}